# CleverCoffee — Rust firmware partition table (4 MB flash, ESP32-WROOM-32E)
#
# DO NOT confuse this with the repository-root partitions_4M.csv: that one is
# C++-owned and must not be modified until R4-10 (04 §6, skill rule 5b).
#
# Layout taken from the recovered oracle (08 §2) — it is the known-good target of
# the 07 §1 rebalance formula, and it is measured, not hypothetical:
#
#   region 0x10000 .. 0x3F0000 (coredump) = 4,063,232 B
#   2 * 0x1C0000 (1,835,008 B) + 0x60000 (393,216 B) = 4,063,232 B   exact
#
# versus the C++ table: app0/app1 grow by 0x20000 (128 KiB) each, taken from
# 0xA0000 of filesystem (0x60000 left).
#
# Name,   Type, SubType,  Offset,   Size,     Flags
nvs,      data, nvs,      0x9000,   0x5000,
otadata,  data, ota,      0xE000,   0x2000,
app0,     app,  ota_0,    0x10000,  0x1C0000,
app1,     app,  ota_1,    0x1D0000, 0x1C0000,
littlefs, data, littlefs,0x390000, 0x60000,
coredump, data, coredump, 0x3F0000, 0x10000,
